[
  {
    "conversationId": "221111064011914_MIT_11499",
    "formName": "cargar_saldo_form",
    "latestInputChannel": "rest",
    "results": {
      "user_dni": "29984695",
      "amount_of_money": "$4000",
      "currency": "MXN"
    },
    "environment": "development",
    "projectId": "wuyws7zpcLjmiPtXn",
    "date": "2022-11-11T12:49:14.953Z"
  },
  {
    "conversationId": "221111055542809_MIT_11499",
    "formName": "envio_cbu_form",
    "latestInputChannel": "rest",
    "results": {
      "user_dni": "29984695",
      "cbu_email_type": "laboral"
    },
    "environment": "development",
    "projectId": "wuyws7zpcLjmiPtXn",
    "date": "2022-11-11T12:05:16.047Z"
  },
  {
    "conversationId": "221111055542809_MIT_11499",
    "formName": "cargar_saldo_form",
    "latestInputChannel": "rest",
    "results": {
      "user_dni": "29984695",
      "amount_of_money": "$4000",
      "currency": "MXN"
    },
    "environment": "development",
    "projectId": "wuyws7zpcLjmiPtXn",
    "date": "2022-11-11T12:04:49.871Z"
  },
  {
    "conversationId": "221108092049881_MIT_11499",
    "formName": "cargar_saldo_form",
    "latestInputChannel": "rest",
    "results": {
      "user_dni": "6",
      "amount_of_money": [
        "1",
        "2",
        "3",
        "4",
        "5"
      ],
      "currency": "MXN"
    },
    "environment": "development",
    "projectId": "wuyws7zpcLjmiPtXn",
    "date": "2022-11-08T15:29:55.408Z"
  },
  {
    "conversationId": "221108092002617_MIT_11499",
    "formName": "cargar_saldo_form",
    "latestInputChannel": "rest",
    "results": {
      "user_dni": "6",
      "amount_of_money": "$1000",
      "currency": "MXN"
    },
    "environment": "development",
    "projectId": "wuyws7zpcLjmiPtXn",
    "date": "2022-11-08T15:29:06.216Z"
  },
  {
    "language": "es",
    "conversationId": "8464de57ba224c209dd64c2bc36e894b",
    "formName": "cargar_saldo_form",
    "latestInputChannel": "webchat",
    "results": {
      "user_dni": "9984695",
      "amount_of_money": [
        "998",
        "4695"
      ],
      "currency": "MXN"
    },
    "environment": "development",
    "projectId": "wuyws7zpcLjmiPtXn",
    "date": "2022-11-08T14:28:14.176Z"
  },
  {
    "language": "es",
    "conversationId": "079e0b5ddbdc49a99e917c63fd037c32",
    "formName": "cargar_saldo_form",
    "latestInputChannel": "webchat",
    "results": {
      "user_dni": "9984695",
      "amount_of_money": "1000",
      "currency": "MXN"
    },
    "environment": "development",
    "projectId": "wuyws7zpcLjmiPtXn",
    "date": "2022-11-08T14:27:32.780Z"
  },
  {
    "conversationId": "221108080952513_MIT_11499",
    "formName": "cargar_saldo_form",
    "latestInputChannel": "rest",
    "results": {
      "user_dni": "6",
      "amount_of_money": [
        "1",
        "2",
        "3",
        "4",
        "5"
      ],
      "currency": "MXN"
    },
    "environment": "development",
    "projectId": "wuyws7zpcLjmiPtXn",
    "date": "2022-11-08T14:18:50.959Z"
  },
  {
    "conversationId": "221107085621677_MIT_11499",
    "formName": "cargar_saldo_form",
    "latestInputChannel": "rest",
    "results": {
      "user_dni": "29984695",
      "amount_of_money": "1000",
      "currency": "MXN"
    },
    "environment": "development",
    "projectId": "wuyws7zpcLjmiPtXn",
    "date": "2022-11-07T15:05:19.832Z"
  },
  {
    "conversationId": "221107081702704_MIT_11499",
    "formName": "cargar_saldo_form",
    "latestInputChannel": "rest",
    "results": {
      "user_dni": "29984695",
      "amount_of_money": "1000",
      "currency": [
        "MXN",
        "MXN"
      ]
    },
    "environment": "development",
    "projectId": "wuyws7zpcLjmiPtXn",
    "date": "2022-11-07T14:25:59.930Z"
  },
  {
    "conversationId": "221107080835174_MIT_11499",
    "formName": "cargar_saldo_form",
    "latestInputChannel": "rest",
    "results": {
      "user_dni": "29984695",
      "amount_of_money": "1000",
      "currency": "MXN"
    },
    "environment": "development",
    "projectId": "wuyws7zpcLjmiPtXn",
    "date": "2022-11-07T14:17:31.731Z"
  },
  {
    "conversationId": "221102155707077_MIT_11499",
    "formName": "envio_cbu_form",
    "latestInputChannel": "rest",
    "results": {
      "user_dni": "29984695",
      "cbu_email_type": "personal"
    },
    "environment": "development",
    "projectId": "wuyws7zpcLjmiPtXn",
    "date": "2022-11-02T22:07:06.611Z"
  },
  {
    "conversationId": "221102155707077_MIT_11499",
    "formName": "cargar_saldo_form",
    "latestInputChannel": "rest",
    "results": {
      "user_dni": "29984695",
      "amount_of_money": "1000",
      "currency": "MXN"
    },
    "environment": "development",
    "projectId": "wuyws7zpcLjmiPtXn",
    "date": "2022-11-02T22:06:29.894Z"
  },
  {
    "conversationId": "221101144314947_MIT_00198",
    "formName": "cargar_saldo_form",
    "latestInputChannel": "rest",
    "results": {
      "user_dni": "6",
      "amount_of_money": [
        "1",
        "2",
        "3",
        "4",
        "5"
      ],
      "currency": "MXN"
    },
    "environment": "development",
    "projectId": "wuyws7zpcLjmiPtXn",
    "date": "2022-11-01T19:44:01.555Z"
  },
  {
    "conversationId": "220624175348369_MIT_00199",
    "formName": "cargar_saldo_form",
    "latestInputChannel": "rest",
    "results": {
      "user_dni": "1033711969",
      "amount_of_money": "1000",
      "currency": "MXN"
    },
    "environment": "development",
    "projectId": "wuyws7zpcLjmiPtXn",
    "date": "2022-06-24T22:55:05.705Z"
  },
  {
    "conversationId": "220614114627921_MIT_11499",
    "formName": "cargar_saldo_form",
    "latestInputChannel": "rest",
    "results": {
      "user_dni": "1033711969",
      "amount_of_money": "1000",
      "currency": "MXN"
    },
    "environment": "development",
    "projectId": "wuyws7zpcLjmiPtXn",
    "date": "2022-06-14T14:49:11.261Z"
  },
  {
    "conversationId": "220614114627921_MIT_11499",
    "formName": "envio_cbu_form",
    "latestInputChannel": "rest",
    "results": {
      "user_dni": "1033711969",
      "cbu_email_type": "laboral"
    },
    "environment": "development",
    "projectId": "wuyws7zpcLjmiPtXn",
    "date": "2022-06-14T14:48:43.803Z"
  },
  {
    "conversationId": "220613165836051_MIT_11499",
    "formName": "envio_cbu_form",
    "latestInputChannel": "rest",
    "results": {
      "user_dni": "1033711969",
      "cbu_email_type": "laboral"
    },
    "environment": "development",
    "projectId": "wuyws7zpcLjmiPtXn",
    "date": "2022-06-13T20:01:03.434Z"
  },
  {
    "conversationId": "220613165836051_MIT_11499",
    "formName": "cargar_saldo_form",
    "latestInputChannel": "rest",
    "results": {
      "user_dni": "1033711969",
      "amount_of_money": "10000",
      "currency": "MXN"
    },
    "environment": "development",
    "projectId": "wuyws7zpcLjmiPtXn",
    "date": "2022-06-13T20:00:29.859Z"
  },
  {
    "conversationId": "220609150338844_MIT_00199",
    "formName": "cargar_saldo_form",
    "latestInputChannel": "rest",
    "results": {
      "user_dni": "123456",
      "amount_of_money": "1000",
      "currency": "MXN"
    },
    "environment": "development",
    "projectId": "wuyws7zpcLjmiPtXn",
    "date": "2022-06-09T20:04:33.941Z"
  },
  {
    "conversationId": "220608182933606_MIT_11499",
    "formName": "cargar_saldo_form",
    "latestInputChannel": "rest",
    "results": {
      "user_dni": "1033711969",
      "amount_of_money": "1000",
      "currency": "MXN"
    },
    "environment": "development",
    "projectId": "wuyws7zpcLjmiPtXn",
    "date": "2022-06-08T21:31:48.167Z"
  },
  {
    "conversationId": "220608182933606_MIT_11499",
    "formName": "envio_cbu_form",
    "latestInputChannel": "rest",
    "results": {
      "user_dni": "1033711969",
      "cbu_email_type": "laboral"
    },
    "environment": "development",
    "projectId": "wuyws7zpcLjmiPtXn",
    "date": "2022-06-08T21:31:10.994Z"
  },
  {
    "language": "es",
    "conversationId": "cabaee36091a4a68a56db17c1586500e",
    "formName": "envio_cbu_form",
    "latestInputChannel": "webchat",
    "results": {
      "user_dni": "29984695",
      "cbu_email_type": "laboral"
    },
    "environment": "development",
    "projectId": "wuyws7zpcLjmiPtXn",
    "date": "2022-06-08T19:30:43.456Z"
  },
  {
    "language": "es",
    "conversationId": "a12af382289f40a3bff3fa50aabb2204",
    "formName": "envio_cbu_form",
    "latestInputChannel": "webchat",
    "results": {
      "user_dni": "29984695",
      "cbu_email_type": "personal"
    },
    "environment": "development",
    "projectId": "wuyws7zpcLjmiPtXn",
    "date": "2022-06-08T19:25:49.578Z"
  },
  {
    "language": "es",
    "conversationId": "8554e4024c704fd78c21cb113c4d748c",
    "formName": "envio_cbu_form",
    "latestInputChannel": "webchat",
    "results": {
      "user_dni": "29984695",
      "cbu_email_type": "personal"
    },
    "environment": "development",
    "projectId": "wuyws7zpcLjmiPtXn",
    "date": "2022-06-08T19:24:10.201Z"
  },
  {
    "language": "es",
    "conversationId": "f4b42696fbff4834a8f2b902572e410b",
    "formName": "envio_cbu_form",
    "latestInputChannel": "webchat",
    "results": {
      "user_dni": "29984695",
      "cbu_email_type": "laboral"
    },
    "environment": "development",
    "projectId": "wuyws7zpcLjmiPtXn",
    "date": "2022-06-08T19:12:13.580Z"
  },
  {
    "conversationId": "220608152738050_MIT_11499",
    "formName": "envio_cbu_form",
    "latestInputChannel": "rest",
    "results": {
      "user_dni": "103371196",
      "cbu_email_type": "laboral"
    },
    "environment": "development",
    "projectId": "wuyws7zpcLjmiPtXn",
    "date": "2022-06-08T18:29:03.332Z"
  },
  {
    "conversationId": "220608152139775_MIT_11499",
    "formName": "envio_cbu_form",
    "latestInputChannel": "rest",
    "results": {
      "user_dni": "1033711969",
      "cbu_email_type": "laboral"
    },
    "environment": "development",
    "projectId": "wuyws7zpcLjmiPtXn",
    "date": "2022-06-08T18:23:41.152Z"
  },
  {
    "conversationId": "220608152139775_MIT_11499",
    "formName": "cargar_saldo_form",
    "latestInputChannel": "rest",
    "results": {
      "user_dni": "1033711969",
      "amount_of_money": "1000",
      "currency": "MXN"
    },
    "environment": "development",
    "projectId": "wuyws7zpcLjmiPtXn",
    "date": "2022-06-08T18:23:16.540Z"
  },
  {
    "conversationId": "220608150929416_MIT_11499",
    "formName": "cargar_saldo_form",
    "latestInputChannel": "rest",
    "results": {
      "user_dni": "1033711969",
      "amount_of_money": "1000",
      "currency": "MXN"
    },
    "environment": "development",
    "projectId": "wuyws7zpcLjmiPtXn",
    "date": "2022-06-08T18:11:06.099Z"
  },
  {
    "conversationId": "220608133418644_MIT_11499",
    "formName": "cargar_saldo_form",
    "latestInputChannel": "rest",
    "results": {
      "user_dni": "1033711969",
      "amount_of_money": "500",
      "currency": "MXN"
    },
    "environment": "development",
    "projectId": "wuyws7zpcLjmiPtXn",
    "date": "2022-06-08T16:35:43.302Z"
  },
  {
    "conversationId": "220608120347445_MIT_11499",
    "formName": "cargar_saldo_form",
    "latestInputChannel": "rest",
    "results": {
      "user_dni": "1033711969",
      "amount_of_money": "1000",
      "currency": "MXN"
    },
    "environment": "development",
    "projectId": "wuyws7zpcLjmiPtXn",
    "date": "2022-06-08T15:05:24.145Z"
  },
  {
    "language": "es",
    "conversationId": "5300081cad7b456fb4460c0d7167fb4b",
    "formName": "cargar_saldo_form",
    "latestInputChannel": "webchat",
    "results": {
      "user_dni": "29984695",
      "amount_of_money": "23",
      "currency": "MXN"
    },
    "environment": "development",
    "projectId": "wuyws7zpcLjmiPtXn",
    "date": "2022-05-31T13:01:03.672Z"
  },
  {
    "conversationId": "220517164924569_MIT_00198",
    "formName": "cargar_saldo_form",
    "latestInputChannel": "rest",
    "results": {
      "user_dni": "457",
      "amount_of_money": "25",
      "currency": "MXN"
    },
    "environment": "development",
    "projectId": "wuyws7zpcLjmiPtXn",
    "date": "2022-05-17T21:50:23.953Z"
  },
  {
    "conversationId": "220516171045534_MIT_11499",
    "formName": "cargar_saldo_form",
    "latestInputChannel": "rest",
    "results": {
      "user_dni": "1033711969",
      "amount_of_money": "1000",
      "currency": "MXN"
    },
    "environment": "development",
    "projectId": "wuyws7zpcLjmiPtXn",
    "date": "2022-05-16T20:11:57.989Z"
  },
  {
    "language": "es",
    "conversationId": "94afb648f6904ae686c5d5cf492eba9b",
    "formName": "cargar_saldo_form",
    "latestInputChannel": "webchat",
    "results": {
      "user_dni": "45743131",
      "amount_of_money": "2000",
      "currency": "USD"
    },
    "environment": "development",
    "projectId": "wuyws7zpcLjmiPtXn",
    "date": "2022-05-12T23:15:19.332Z"
  },
  {
    "conversationId": "220511154459780_MIT_11499",
    "formName": "cargar_saldo_form",
    "latestInputChannel": "rest",
    "results": {
      "user_dni": "92248655",
      "amount_of_money": "3000",
      "currency": "MXN"
    },
    "environment": "development",
    "projectId": "wuyws7zpcLjmiPtXn",
    "date": "2022-05-11T15:46:29.389Z"
  },
  {
    "language": "es",
    "conversationId": "47aa1575845141f48bda74c071884499",
    "formName": "cargar_saldo_form",
    "latestInputChannel": "webchat",
    "results": {
      "user_dni": "29984695",
      "amount_of_money": "231",
      "currency": "MXN"
    },
    "environment": "development",
    "projectId": "wuyws7zpcLjmiPtXn",
    "date": "2022-05-09T22:59:26.379Z"
  },
  {
    "conversationId": "220506142043660_MIT_12499",
    "formName": "cargar_saldo_form",
    "latestInputChannel": "rest",
    "results": {
      "user_dni": "27",
      "amount_of_money": "155",
      "currency": "MXN"
    },
    "environment": "development",
    "projectId": "wuyws7zpcLjmiPtXn",
    "date": "2022-05-06T19:21:14.282Z"
  },
  {
    "conversationId": "220506123402242_MIT_12499",
    "formName": "cargar_saldo_form",
    "latestInputChannel": "rest",
    "results": {
      "user_dni": "27824469",
      "amount_of_money": "2477",
      "currency": "MXN"
    },
    "environment": "development",
    "projectId": "wuyws7zpcLjmiPtXn",
    "date": "2022-05-06T17:35:16.889Z"
  },
  {
    "conversationId": "220504221917484_MIT_11499",
    "formName": "cargar_saldo_form",
    "latestInputChannel": "rest",
    "results": {
      "user_dni": "1019019221",
      "amount_of_money": "20000",
      "currency": "MXN"
    },
    "environment": "development",
    "projectId": "wuyws7zpcLjmiPtXn",
    "date": "2022-05-04T22:21:19.058Z"
  },
  {
    "conversationId": "220503171120302_MIT_11499",
    "formName": "cargar_saldo_form",
    "latestInputChannel": "rest",
    "results": {
      "user_dni": "1033711969",
      "amount_of_money": "1000",
      "currency": "MXN"
    },
    "environment": "development",
    "projectId": "wuyws7zpcLjmiPtXn",
    "date": "2022-05-03T17:13:28.515Z"
  },
  {
    "conversationId": "220502121042523_MIT_12499",
    "formName": "cargar_saldo_form",
    "latestInputChannel": "rest",
    "results": {
      "user_dni": "3905800722",
      "amount_of_money": "20000",
      "currency": "MXN"
    },
    "environment": "development",
    "projectId": "wuyws7zpcLjmiPtXn",
    "date": "2022-05-02T17:11:26.107Z"
  },
  {
    "conversationId": "220502132706948_MIT_11499",
    "formName": "cargar_saldo_form",
    "latestInputChannel": "rest",
    "results": {
      "user_dni": "92248655",
      "amount_of_money": "30.000",
      "currency": "MXN"
    },
    "environment": "development",
    "projectId": "wuyws7zpcLjmiPtXn",
    "date": "2022-05-02T13:29:01.520Z"
  },
  {
    "conversationId": "220501232106673_MIT_11499",
    "formName": "cargar_saldo_form",
    "latestInputChannel": "rest",
    "results": {
      "user_dni": "12668992",
      "amount_of_money": "12.50",
      "currency": "MXN"
    },
    "environment": "development",
    "projectId": "wuyws7zpcLjmiPtXn",
    "date": "2022-05-01T23:23:16.238Z"
  },
  {
    "conversationId": "220501231947458_MIT_11499",
    "formName": "cargar_saldo_form",
    "latestInputChannel": "rest",
    "results": {
      "user_dni": "84695",
      "amount_of_money": "29",
      "currency": "MXN"
    },
    "environment": "development",
    "projectId": "wuyws7zpcLjmiPtXn",
    "date": "2022-05-01T23:21:27.785Z"
  },
  {
    "conversationId": "220501231707036_MIT_11499",
    "formName": "cargar_saldo_form",
    "latestInputChannel": "rest",
    "results": {
      "user_dni": "29984695",
      "amount_of_money": "5",
      "currency": "MXN"
    },
    "environment": "development",
    "projectId": "wuyws7zpcLjmiPtXn",
    "date": "2022-05-01T23:18:40.455Z"
  },
  {
    "conversationId": "220501225916027_MIT_11499",
    "formName": "cargar_saldo_form",
    "latestInputChannel": "rest",
    "results": {
      "user_dni": "1268998",
      "amount_of_money": "6899",
      "currency": "MXN"
    },
    "environment": "development",
    "projectId": "wuyws7zpcLjmiPtXn",
    "date": "2022-05-01T23:00:56.689Z"
  },
  {
    "conversationId": "220501213134548_MIT_11499",
    "formName": "cargar_saldo_form",
    "latestInputChannel": "rest",
    "results": {
      "user_dni": "2924635",
      "amount_of_money": "23.25",
      "currency": "MXN"
    },
    "environment": "development",
    "projectId": "wuyws7zpcLjmiPtXn",
    "date": "2022-05-01T21:33:42.052Z"
  },
  {
    "conversationId": "5fefcccd-20e1-4853-ad6a-75ad97287d46",
    "formName": "cargar_saldo_form",
    "latestInputChannel": "rest",
    "results": {
      "user_dni": "29984695",
      "amount_of_money": "82.17",
      "currency": "MXN"
    },
    "environment": "development",
    "projectId": "wuyws7zpcLjmiPtXn",
    "date": "2022-05-01T21:31:56.708Z"
  },
  {
    "conversationId": "59275220-121d-46fa-b50c-b1706be60362",
    "formName": "cargar_saldo_form",
    "latestInputChannel": "rest",
    "results": {
      "user_dni": "12123123",
      "amount_of_money": "23.15",
      "currency": "MXN"
    },
    "environment": "development",
    "projectId": "wuyws7zpcLjmiPtXn",
    "date": "2022-05-01T21:31:18.744Z"
  },
  {
    "conversationId": "abf826f1-40bb-41c7-bf6b-267bf05c2bcc",
    "formName": "cargar_saldo_form",
    "latestInputChannel": "rest",
    "results": {
      "user_dni": "12123123",
      "amount_of_money": "82.1",
      "currency": "MXN"
    },
    "environment": "development",
    "projectId": "wuyws7zpcLjmiPtXn",
    "date": "2022-05-01T21:27:23.896Z"
  },
  {
    "conversationId": "5fa95073-1b1e-4ec5-8ce2-e7753b60aa6c",
    "formName": "cargar_saldo_form",
    "latestInputChannel": "rest",
    "results": {
      "user_dni": "29984695",
      "amount_of_money": "23.1",
      "currency": "MXN"
    },
    "environment": "development",
    "projectId": "wuyws7zpcLjmiPtXn",
    "date": "2022-05-01T21:26:55.218Z"
  },
  {
    "language": "es",
    "conversationId": "90d4e0e4b673415e9d9b3ee6eaf0869c",
    "formName": "cargar_saldo_form",
    "latestInputChannel": "webchat",
    "results": {
      "user_dni": "12123123",
      "amount_of_money": "23",
      "currency": "MXN"
    },
    "environment": "development",
    "projectId": "wuyws7zpcLjmiPtXn",
    "date": "2022-05-01T20:30:58.486Z"
  },
  {
    "language": "es",
    "conversationId": "fe30d985c837417f85b16d739764aeb6",
    "formName": "cargar_saldo_form",
    "latestInputChannel": "webchat",
    "results": {
      "user_dni": "12123123",
      "amount_of_money": [
        "13",
        "45"
      ],
      "currency": "MXN"
    },
    "environment": "development",
    "projectId": "wuyws7zpcLjmiPtXn",
    "date": "2022-05-01T20:25:52.008Z"
  },
  {
    "conversationId": "a2d5252a-8de5-491e-b3ca-58a8023b5b90",
    "formName": "cargar_saldo_form",
    "latestInputChannel": "rest",
    "results": {
      "user_dni": "29984695",
      "amount_of_money": "82.1",
      "currency": "MXN"
    },
    "environment": "development",
    "projectId": "wuyws7zpcLjmiPtXn",
    "date": "2022-05-01T18:14:29.532Z"
  },
  {
    "language": "es",
    "conversationId": "1c86ae626599409a957c006a697bdfe1",
    "formName": "cargar_saldo_form",
    "latestInputChannel": "webchat",
    "results": {
      "user_dni": "12123123",
      "amount_of_money": "25",
      "currency": "MXN"
    },
    "environment": "development",
    "projectId": "wuyws7zpcLjmiPtXn",
    "date": "2022-05-01T14:24:54.435Z"
  },
  {
    "conversationId": "220501140219498_MIT_11499",
    "formName": "cargar_saldo_form",
    "latestInputChannel": "rest",
    "results": {
      "user_dni": "5379873",
      "amount_of_money": [
        "15",
        "25"
      ],
      "currency": "MXN"
    },
    "environment": "development",
    "projectId": "wuyws7zpcLjmiPtXn",
    "date": "2022-05-01T14:04:12.469Z"
  },
  {
    "conversationId": "220430195617422_MIT_12499",
    "formName": "cargar_saldo_form",
    "latestInputChannel": "rest",
    "results": {
      "user_dni": "88272944",
      "amount_of_money": "10.20",
      "currency": "MXN"
    },
    "environment": "development",
    "projectId": "wuyws7zpcLjmiPtXn",
    "date": "2022-05-01T00:57:02.621Z"
  },
  {
    "conversationId": "220430233921147_MIT_11499",
    "formName": "cargar_saldo_form",
    "latestInputChannel": "rest",
    "results": {
      "user_dni": "13824527",
      "amount_of_money": "10",
      "currency": "MXN"
    },
    "environment": "development",
    "projectId": "wuyws7zpcLjmiPtXn",
    "date": "2022-04-30T23:40:54.954Z"
  },
  {
    "conversationId": "220430231253368_MIT_11499",
    "formName": "cargar_saldo_form",
    "latestInputChannel": "rest",
    "results": {
      "user_dni": "12668992",
      "amount_of_money": "93.38",
      "currency": "MXN"
    },
    "environment": "development",
    "projectId": "wuyws7zpcLjmiPtXn",
    "date": "2022-04-30T23:14:17.241Z"
  },
  {
    "conversationId": "220430231213933_MIT_11499",
    "formName": "cargar_saldo_form",
    "latestInputChannel": "rest",
    "results": {
      "user_dni": "12668992",
      "amount_of_money": "3.27",
      "currency": "MXN"
    },
    "environment": "development",
    "projectId": "wuyws7zpcLjmiPtXn",
    "date": "2022-04-30T23:13:35.555Z"
  },
  {
    "conversationId": "220430231022902_MIT_11499",
    "formName": "cargar_saldo_form",
    "latestInputChannel": "rest",
    "results": {
      "user_dni": "12664391",
      "amount_of_money": "1.25",
      "currency": "MXN"
    },
    "environment": "development",
    "projectId": "wuyws7zpcLjmiPtXn",
    "date": "2022-04-30T23:11:46.631Z"
  },
  {
    "conversationId": "220430225202925_MIT_11499",
    "formName": "cargar_saldo_form",
    "latestInputChannel": "rest",
    "results": {
      "user_dni": "12328451",
      "amount_of_money": "10",
      "currency": "mexicano"
    },
    "environment": "development",
    "projectId": "wuyws7zpcLjmiPtXn",
    "date": "2022-04-30T22:53:45.386Z"
  },
  {
    "conversationId": "220430225013549_MIT_11499",
    "formName": "cargar_saldo_form",
    "latestInputChannel": "rest",
    "results": {
      "user_dni": "12321528",
      "amount_of_money": "40",
      "currency": "mexicano"
    },
    "environment": "development",
    "projectId": "wuyws7zpcLjmiPtXn",
    "date": "2022-04-30T22:51:47.666Z"
  },
  {
    "conversationId": "220430223932891_MIT_11499",
    "formName": "cargar_saldo_form",
    "latestInputChannel": "rest",
    "results": {
      "user_dni": "12384305",
      "amount_of_money": "1.40",
      "currency": "mexicana"
    },
    "environment": "development",
    "projectId": "wuyws7zpcLjmiPtXn",
    "date": "2022-04-30T22:41:26.961Z"
  },
  {
    "conversationId": "220430223734668_MIT_11499",
    "formName": "cargar_saldo_form",
    "latestInputChannel": "rest",
    "results": {
      "user_dni": "1238558241",
      "amount_of_money": "40",
      "currency": "mexicano"
    },
    "environment": "development",
    "projectId": "wuyws7zpcLjmiPtXn",
    "date": "2022-04-30T22:39:37.470Z"
  },
  {
    "conversationId": "220430223425149_MIT_11499",
    "formName": "cargar_saldo_form",
    "latestInputChannel": "rest",
    "results": {
      "user_dni": "12268992",
      "amount_of_money": "1,04",
      "currency": [
        "MXN",
        "MXN"
      ]
    },
    "environment": "development",
    "projectId": "wuyws7zpcLjmiPtXn",
    "date": "2022-04-30T22:36:22.784Z"
  },
  {
    "conversationId": "220430223338622_MIT_11499",
    "formName": "cargar_saldo_form",
    "latestInputChannel": "rest",
    "results": {
      "user_dni": "29984697",
      "amount_of_money": "1,3",
      "currency": "MXN"
    },
    "environment": "development",
    "projectId": "wuyws7zpcLjmiPtXn",
    "date": "2022-04-30T22:35:10.449Z"
  },
  {
    "conversationId": "220429225729285_MIT_11499",
    "formName": "cargar_saldo_form",
    "latestInputChannel": "rest",
    "results": {
      "user_dni": "3905800722",
      "amount_of_money": "10",
      "currency": "MXN"
    },
    "environment": "development",
    "projectId": "wuyws7zpcLjmiPtXn",
    "date": "2022-04-29T23:00:39.079Z"
  },
  {
    "conversationId": "220429182413307_MIT_11499",
    "formName": "envio_cbu_form",
    "latestInputChannel": "rest",
    "results": {
      "user_dni": "88272944",
      "cbu_email_type": "email_personal"
    },
    "environment": "development",
    "projectId": "wuyws7zpcLjmiPtXn",
    "date": "2022-04-29T18:26:12.814Z"
  },
  {
    "conversationId": "220429182005829_MIT_11499",
    "formName": "envio_cbu_form",
    "latestInputChannel": "rest",
    "results": {
      "user_dni": "1234567890",
      "cbu_email_type": "email_personal"
    },
    "environment": "development",
    "projectId": "wuyws7zpcLjmiPtXn",
    "date": "2022-04-29T18:21:32.309Z"
  },
  {
    "language": "es",
    "conversationId": "63041b3020754ec8b92b5dbaadda8029",
    "formName": "envio_cbu_form",
    "latestInputChannel": "webchat",
    "results": {
      "user_dni": "1234567890",
      "cbu_email_type": "email_personal"
    },
    "environment": "development",
    "projectId": "wuyws7zpcLjmiPtXn",
    "date": "2022-04-29T18:17:17.293Z"
  },
  {
    "language": "es",
    "conversationId": "88261a6b2f0b415b87dc2d8a75a7d2d1",
    "formName": "envio_cbu_form",
    "latestInputChannel": "webchat",
    "results": {
      "user_dni": "29984695",
      "cbu_email_type": "email_laboral"
    },
    "environment": "development",
    "projectId": "wuyws7zpcLjmiPtXn",
    "date": "2022-04-29T17:55:41.445Z"
  },
  {
    "language": "es",
    "conversationId": "43bf8441c68848a2bcdf7777a66b0e51",
    "formName": "envio_cbu_form",
    "latestInputChannel": "webchat",
    "results": {
      "user_dni": "29984695"
    },
    "environment": "development",
    "projectId": "wuyws7zpcLjmiPtXn",
    "date": "2022-04-29T17:44:09.429Z"
  },
  {
    "conversationId": "220429173205096_MIT_11499",
    "formName": "cargar_saldo_form",
    "latestInputChannel": "rest",
    "results": {
      "user_dni": "29984695",
      "amount_of_money": "45",
      "currency": "BRL"
    },
    "environment": "development",
    "projectId": "wuyws7zpcLjmiPtXn",
    "date": "2022-04-29T17:33:27.422Z"
  },
  {
    "conversationId": "220429172313649_MIT_11499",
    "formName": "cargar_saldo_form",
    "latestInputChannel": "rest",
    "results": {
      "user_dni": "9224865",
      "amount_of_money": "3241",
      "currency": "MXN"
    },
    "environment": "development",
    "projectId": "wuyws7zpcLjmiPtXn",
    "date": "2022-04-29T17:24:46.967Z"
  },
  {
    "language": "es",
    "conversationId": "7d1cdaf5624d4c7ba4dda96bbe70ec18",
    "formName": "envio_cbu_form",
    "latestInputChannel": "webchat",
    "results": {
      "user_dni": "29984695"
    },
    "environment": "development",
    "projectId": "wuyws7zpcLjmiPtXn",
    "date": "2022-04-29T17:15:36.936Z"
  },
  {
    "language": "es",
    "conversationId": "64da1ed399de40e4ac8853f454107043",
    "formName": "envio_cbu_form",
    "latestInputChannel": "webchat",
    "results": {
      "user_dni": "29984695"
    },
    "environment": "development",
    "projectId": "wuyws7zpcLjmiPtXn",
    "date": "2022-04-29T17:13:46.579Z"
  },
  {
    "language": "es",
    "conversationId": "2a587212975046caa04ac19b20db3e99",
    "formName": "envio_cbu_form",
    "latestInputChannel": "webchat",
    "results": {
      "user_dni": "29984695"
    },
    "environment": "development",
    "projectId": "wuyws7zpcLjmiPtXn",
    "date": "2022-04-29T17:06:32.857Z"
  },
  {
    "conversationId": "220429160723953_MIT_11499",
    "formName": "cargar_saldo_form",
    "latestInputChannel": "rest",
    "results": {
      "user_dni": "92248655",
      "amount_of_money": "1234",
      "currency": "USD"
    },
    "environment": "development",
    "projectId": "wuyws7zpcLjmiPtXn",
    "date": "2022-04-29T16:09:01.676Z"
  },
  {
    "conversationId": "220429160450543_MIT_11499",
    "formName": "cargar_saldo_form",
    "latestInputChannel": "rest",
    "results": {
      "user_dni": "92248655",
      "amount_of_money": "1200",
      "currency": "ARS"
    },
    "environment": "development",
    "projectId": "wuyws7zpcLjmiPtXn",
    "date": "2022-04-29T16:06:23.829Z"
  },
  {
    "language": "es",
    "conversationId": "eed0a683240149cf97df808a09d45755",
    "formName": "cargar_saldo_form",
    "latestInputChannel": "webchat",
    "results": {
      "user_dni": "29984695",
      "amount_of_money": "12123",
      "currency": "pes"
    },
    "environment": "development",
    "projectId": "wuyws7zpcLjmiPtXn",
    "date": "2022-04-29T01:34:52.462Z"
  },
  {
    "language": "es",
    "conversationId": "6b6eb35a38ac438597081ad8ac7fecd5",
    "formName": "cargar_saldo_form",
    "latestInputChannel": "webchat",
    "results": {
      "user_dni": "1231231",
      "amount_of_money": "12",
      "currency": "MXN"
    },
    "environment": "development",
    "projectId": "wuyws7zpcLjmiPtXn",
    "date": "2022-04-29T01:32:57.315Z"
  },
  {
    "conversationId": "220429012701551_MIT_11499",
    "formName": "envio_cbu_form",
    "latestInputChannel": "rest",
    "results": {
      "user_dni": "29984695"
    },
    "environment": "development",
    "projectId": "wuyws7zpcLjmiPtXn",
    "date": "2022-04-29T01:28:17.050Z"
  },
  {
    "language": "es",
    "conversationId": "c785d27665014278a68a35fe257d5c1f",
    "formName": "envio_cbu_form",
    "latestInputChannel": "webchat",
    "results": {
      "user_dni": "29984695"
    },
    "environment": "development",
    "projectId": "wuyws7zpcLjmiPtXn",
    "date": "2022-04-29T01:22:41.958Z"
  },
  {
    "language": "es",
    "conversationId": "40dca3c6d2c34447bb413b566baff93d",
    "formName": "cargar_saldo_form",
    "latestInputChannel": "webchat",
    "results": {
      "user_dni": "12123123",
      "amount_of_money": "23",
      "currency": "MXN"
    },
    "environment": "development",
    "projectId": "wuyws7zpcLjmiPtXn",
    "date": "2022-04-28T22:40:51.716Z"
  },
  {
    "language": "es",
    "conversationId": "4043d10b9d96425e9d7d39d6da19302d",
    "formName": "envio_cbu_form",
    "latestInputChannel": "webchat",
    "results": {
      "user_dni": "29984695",
      "user_email": "pross888@gmail.com"
    },
    "environment": "development",
    "projectId": "wuyws7zpcLjmiPtXn",
    "date": "2022-04-28T22:19:03.186Z"
  },
  {
    "language": "es",
    "conversationId": "4d01ea4557fd4d478371289b16313cd1",
    "formName": "envio_cbu_form",
    "latestInputChannel": "webchat",
    "results": {
      "user_dni": "23234234",
      "user_email": "pross888@gmail.com"
    },
    "environment": "development",
    "projectId": "wuyws7zpcLjmiPtXn",
    "date": "2022-04-28T22:14:06.109Z"
  },
  {
    "conversationId": "220428202952016_MIT_11499",
    "formName": "cargar_saldo_form",
    "latestInputChannel": "rest",
    "results": {
      "user_dni": "1033711969",
      "amount_of_money": "30000",
      "currency": "MXN"
    },
    "environment": "development",
    "projectId": "wuyws7zpcLjmiPtXn",
    "date": "2022-04-28T20:31:28.788Z"
  },
  {
    "conversationId": "220428202838524_MIT_11499",
    "formName": "cargar_saldo_form",
    "latestInputChannel": "rest",
    "results": {
      "user_dni": "10303711969",
      "amount_of_money": "10",
      "currency": "MXN"
    },
    "environment": "development",
    "projectId": "wuyws7zpcLjmiPtXn",
    "date": "2022-04-28T20:30:03.034Z"
  },
  {
    "conversationId": "220428202603670_MIT_11499",
    "formName": "cargar_saldo_form",
    "latestInputChannel": "rest",
    "results": {
      "user_dni": "1033711969",
      "amount_of_money": "10000",
      "currency": "MXN"
    },
    "environment": "development",
    "projectId": "wuyws7zpcLjmiPtXn",
    "date": "2022-04-28T20:27:40.977Z"
  },
  {
    "conversationId": "220428201454286_MIT_11499",
    "formName": "cargar_saldo_form",
    "latestInputChannel": "rest",
    "results": {
      "user_dni": "1033711969",
      "amount_of_money": "20000",
      "currency": "MXN"
    },
    "environment": "development",
    "projectId": "wuyws7zpcLjmiPtXn",
    "date": "2022-04-28T20:16:29.960Z"
  },
  {
    "conversationId": "220428191654818_MIT_11499",
    "formName": "cargar_saldo_form",
    "latestInputChannel": "rest",
    "results": {
      "user_dni": "1033711969",
      "amount_of_money": "10",
      "currency": "MXN"
    },
    "environment": "development",
    "projectId": "wuyws7zpcLjmiPtXn",
    "date": "2022-04-28T19:18:08.098Z"
  },
  {
    "conversationId": "220428191305871_MIT_11498",
    "formName": "envio_cbu_form",
    "latestInputChannel": "rest",
    "results": {
      "user_dni": "1033711969",
      "user_email": "fonseca@gmail.com"
    },
    "environment": "development",
    "projectId": "wuyws7zpcLjmiPtXn",
    "date": "2022-04-28T19:15:52.345Z"
  },
  {
    "conversationId": "220428191304264_MIT_11499",
    "formName": "cargar_saldo_form",
    "latestInputChannel": "rest",
    "results": {
      "user_dni": "92248655",
      "amount_of_money": "3000",
      "currency": "MXN"
    },
    "environment": "development",
    "projectId": "wuyws7zpcLjmiPtXn",
    "date": "2022-04-28T19:14:44.302Z"
  },
  {
    "conversationId": "220428191305871_MIT_11498",
    "formName": "cargar_saldo_form",
    "latestInputChannel": "rest",
    "results": {
      "user_dni": "1033711969",
      "amount_of_money": "10",
      "currency": "MXN"
    },
    "environment": "development",
    "projectId": "wuyws7zpcLjmiPtXn",
    "date": "2022-04-28T19:14:31.136Z"
  },
  {
    "conversationId": "220428190429480_MIT_11499",
    "formName": "cargar_saldo_form",
    "latestInputChannel": "rest",
    "results": {
      "user_dni": "1033711969",
      "amount_of_money": "10",
      "currency": "MXN"
    },
    "environment": "development",
    "projectId": "wuyws7zpcLjmiPtXn",
    "date": "2022-04-28T19:05:47.661Z"
  },
  {
    "language": "es",
    "conversationId": "25ff62fd6a9e4dcf8c70744bd3bb5f2c",
    "formName": "cargar_saldo_form",
    "latestInputChannel": "webchat",
    "results": {
      "user_dni": "1000000",
      "amount_of_money": "100000",
      "currency": "BRL"
    },
    "environment": "development",
    "projectId": "wuyws7zpcLjmiPtXn",
    "date": "2022-04-28T18:59:01.589Z"
  },
  {
    "language": "es",
    "conversationId": "412f6b0aad03497c91f7976e40f7e1c6",
    "formName": "cargar_saldo_form",
    "latestInputChannel": "webchat",
    "results": {
      "user_dni": "1234567",
      "amount_of_money": "123456",
      "currency": "MXN"
    },
    "environment": "development",
    "projectId": "wuyws7zpcLjmiPtXn",
    "date": "2022-04-28T18:56:46.154Z"
  },
  {
    "conversationId": "220428180153036_MIT_11499",
    "formName": "cargar_saldo_form",
    "latestInputChannel": "rest",
    "results": {
      "user_dni": [
        "92248655",
        "92248655"
      ],
      "amount_of_money": "3245",
      "currency": "USD"
    },
    "environment": "development",
    "projectId": "wuyws7zpcLjmiPtXn",
    "date": "2022-04-28T18:03:38.099Z"
  },
  {
    "language": "es",
    "conversationId": "2be6ded199e14448a031cad0de59248a",
    "formName": "cargar_saldo_form",
    "latestInputChannel": "webchat",
    "results": {
      "user_dni": [
        "29984695",
        "29984695"
      ],
      "amount_of_money": "156",
      "currency": "MXN"
    },
    "environment": "development",
    "projectId": "wuyws7zpcLjmiPtXn",
    "date": "2022-04-28T17:36:06.477Z"
  },
  {
    "conversationId": "220428165624172_MIT_11498",
    "formName": "cargar_saldo_form",
    "latestInputChannel": "rest",
    "results": {
      "user_dni": "1000000000",
      "amount_of_money": "1000000000",
      "currency": "USD"
    },
    "environment": "development",
    "projectId": "wuyws7zpcLjmiPtXn",
    "date": "2022-04-28T16:57:42.993Z"
  },
  {
    "conversationId": "220428165549764_MIT_11499",
    "formName": "cargar_saldo_form",
    "latestInputChannel": "rest",
    "results": {
      "user_dni": [
        "92248655",
        "92248655"
      ],
      "amount_of_money": "3000",
      "currency": "ARS"
    },
    "environment": "development",
    "projectId": "wuyws7zpcLjmiPtXn",
    "date": "2022-04-28T16:57:36.089Z"
  },
  {
    "conversationId": "220428164457899_MIT_11499",
    "formName": "cargar_saldo_form",
    "latestInputChannel": "rest",
    "results": {
      "user_dni": "25",
      "amount_of_money": "45",
      "currency": "besos"
    },
    "environment": "development",
    "projectId": "wuyws7zpcLjmiPtXn",
    "date": "2022-04-28T16:46:17.876Z"
  },
  {
    "conversationId": "220428164305868_MIT_11499",
    "formName": "cargar_saldo_form",
    "latestInputChannel": "rest",
    "results": {
      "user_dni": "29984625",
      "amount_of_money": "40",
      "currency": "MXN"
    },
    "environment": "development",
    "projectId": "wuyws7zpcLjmiPtXn",
    "date": "2022-04-28T16:44:32.986Z"
  },
  {
    "language": "es",
    "conversationId": "2643c7e261224fb68dd07c7af784e0ee",
    "formName": "cargar_saldo_form",
    "latestInputChannel": "webchat",
    "results": {
      "user_dni": "12123123",
      "amount_of_money": "23",
      "currency": "MXN"
    },
    "environment": "development",
    "projectId": "wuyws7zpcLjmiPtXn",
    "date": "2022-04-28T16:43:43.008Z"
  },
  {
    "conversationId": "220428160432778_MIT_11499",
    "formName": "cargar_saldo_form",
    "latestInputChannel": "rest",
    "results": {
      "user_dni": [
        "1033711969",
        "1033711969"
      ],
      "amount_of_money": "50",
      "currency": "MXN"
    },
    "environment": "development",
    "projectId": "wuyws7zpcLjmiPtXn",
    "date": "2022-04-28T16:06:13.454Z"
  },
  {
    "conversationId": "220428160313883_MIT_11499",
    "formName": "cargar_saldo_form",
    "latestInputChannel": "rest",
    "results": {
      "user_dni": [
        "1033711969",
        "1033711969"
      ],
      "amount_of_money": "25",
      "currency": "MXN"
    },
    "environment": "development",
    "projectId": "wuyws7zpcLjmiPtXn",
    "date": "2022-04-28T16:05:04.733Z"
  },
  {
    "conversationId": "220428155249212_MIT_11499",
    "formName": "envio_cbu_form",
    "latestInputChannel": "rest",
    "results": {
      "user_dni": [
        "1033711969",
        "1033711969"
      ],
      "user_email": "fonseca@gmail.com"
    },
    "environment": "development",
    "projectId": "wuyws7zpcLjmiPtXn",
    "date": "2022-04-28T15:54:13.220Z"
  },
  {
    "conversationId": "220428154554119_MIT_11499",
    "formName": "cargar_saldo_form",
    "latestInputChannel": "rest",
    "results": {
      "user_dni": "1033711969",
      "amount_of_money": "1000",
      "currency": "COP"
    },
    "environment": "development",
    "projectId": "wuyws7zpcLjmiPtXn",
    "date": "2022-04-28T15:47:18.036Z"
  },
  {
    "conversationId": "220428153516382_MIT_11499",
    "formName": "cargar_saldo_form",
    "latestInputChannel": "rest",
    "results": {
      "user_dni": "1033711969",
      "amount_of_money": "1000",
      "currency": "MXN"
    },
    "environment": "development",
    "projectId": "wuyws7zpcLjmiPtXn",
    "date": "2022-04-28T15:36:35.399Z"
  },
  {
    "conversationId": "220428144301250_MIT_11499",
    "formName": "cargar_saldo_form",
    "latestInputChannel": "rest",
    "results": {
      "user_dni": "1033711969",
      "amount_of_money": "500",
      "currency": "MXN"
    },
    "environment": "development",
    "projectId": "wuyws7zpcLjmiPtXn",
    "date": "2022-04-28T14:44:18.845Z"
  },
  {
    "conversationId": "220428143241577_MIT_11499",
    "formName": "cargar_saldo_form",
    "latestInputChannel": "rest",
    "results": {
      "user_dni": "1033711969",
      "amount_of_money": "5000",
      "currency": "MXN"
    },
    "environment": "development",
    "projectId": "wuyws7zpcLjmiPtXn",
    "date": "2022-04-28T14:34:04.624Z"
  },
  {
    "conversationId": "220427224854539_MIT_11499",
    "formName": "cargar_saldo_form",
    "latestInputChannel": "rest",
    "results": {
      "user_dni": "y numero es 92248655",
      "amount_of_money": "1234",
      "currency": "ARS"
    },
    "environment": "development",
    "projectId": "wuyws7zpcLjmiPtXn",
    "date": "2022-04-27T22:50:28.388Z"
  },
  {
    "conversationId": "220427224434628_MIT_11499",
    "formName": "cargar_saldo_form",
    "latestInputChannel": "rest",
    "results": {
      "user_dni": "92248655",
      "amount_of_money": "1000",
      "currency": "USD"
    },
    "environment": "development",
    "projectId": "wuyws7zpcLjmiPtXn",
    "date": "2022-04-27T22:45:59.216Z"
  },
  {
    "conversationId": "220427224156565_MIT_11499",
    "formName": "cargar_saldo_form",
    "latestInputChannel": "rest",
    "results": {
      "user_dni": "248655",
      "amount_of_money": "248655",
      "currency": "USD"
    },
    "environment": "development",
    "projectId": "wuyws7zpcLjmiPtXn",
    "date": "2022-04-27T22:43:15.136Z"
  },
  {
    "conversationId": "220427213542044_MIT_11499",
    "formName": "cargar_saldo_form",
    "latestInputChannel": "rest",
    "results": {
      "user_dni": "9000521",
      "amount_of_money": "9000521",
      "currency": "MXN"
    },
    "environment": "development",
    "projectId": "wuyws7zpcLjmiPtXn",
    "date": "2022-04-27T21:37:13.975Z"
  },
  {
    "conversationId": "220427203538733_MIT_11499",
    "formName": "cargar_saldo_form",
    "latestInputChannel": "rest",
    "results": {
      "user_dni": [
        "92248655",
        "92248655"
      ],
      "amount_of_money": "3000",
      "currency": "USD"
    },
    "environment": "development",
    "projectId": "wuyws7zpcLjmiPtXn",
    "date": "2022-04-27T20:37:39.525Z"
  },
  {
    "conversationId": "220427193815350_MIT_11499",
    "formName": "cargar_saldo_form",
    "latestInputChannel": "rest",
    "results": {
      "user_dni": [
        "92248656",
        "92248656"
      ],
      "amount_of_money": "1234",
      "currency": "BRL"
    },
    "environment": "development",
    "projectId": "wuyws7zpcLjmiPtXn",
    "date": "2022-04-27T19:40:34.779Z"
  },
  {
    "conversationId": "220427180826171_MIT_11499",
    "formName": "cargar_saldo_form",
    "latestInputChannel": "rest",
    "results": {
      "user_dni": "1033711969",
      "amount_of_money": "55",
      "currency": "UYU"
    },
    "environment": "development",
    "projectId": "wuyws7zpcLjmiPtXn",
    "date": "2022-04-27T18:09:37.356Z"
  },
  {
    "conversationId": "220427180705779_MIT_11499",
    "formName": "cargar_saldo_form",
    "latestInputChannel": "rest",
    "results": {
      "user_dni": "1033711969",
      "amount_of_money": "5",
      "currency": "gentina"
    },
    "environment": "development",
    "projectId": "wuyws7zpcLjmiPtXn",
    "date": "2022-04-27T18:08:21.882Z"
  },
  {
    "conversationId": "220427170707909_MIT_11499",
    "formName": "cargar_saldo_form",
    "latestInputChannel": "rest",
    "results": {
      "user_dni": "9521003",
      "amount_of_money": "100100",
      "currency": [
        "mexicanos",
        "mexicanos"
      ]
    },
    "environment": "development",
    "projectId": "wuyws7zpcLjmiPtXn",
    "date": "2022-04-27T17:09:12.684Z"
  },
  {
    "conversationId": "220427170619220_MIT_11499",
    "formName": "envio_cbu_form",
    "latestInputChannel": "rest",
    "results": {
      "user_dni": "9521000",
      "user_email": "fonseca@gmail.com"
    },
    "environment": "development",
    "projectId": "wuyws7zpcLjmiPtXn",
    "date": "2022-04-27T17:07:37.678Z"
  },
  {
    "conversationId": "220427170231464_MIT_11499",
    "formName": "cargar_saldo_form",
    "latestInputChannel": "rest",
    "results": {
      "user_dni": "9521000 veces",
      "amount_of_money": "9521000",
      "currency": "BRL"
    },
    "environment": "development",
    "projectId": "wuyws7zpcLjmiPtXn",
    "date": "2022-04-27T17:03:47.536Z"
  },
  {
    "conversationId": "220427170051041_MIT_11499",
    "formName": "cargar_saldo_form",
    "latestInputChannel": "rest",
    "results": {
      "user_dni": "29984695",
      "amount_of_money": "20,00",
      "currency": "BRL"
    },
    "environment": "development",
    "projectId": "wuyws7zpcLjmiPtXn",
    "date": "2022-04-27T17:02:02.832Z"
  },
  {
    "conversationId": "220427170001993_MIT_11499",
    "formName": "cargar_saldo_form",
    "latestInputChannel": "rest",
    "results": {
      "user_dni": "29984695",
      "amount_of_money": "400",
      "currency": "mexicanos"
    },
    "environment": "development",
    "projectId": "wuyws7zpcLjmiPtXn",
    "date": "2022-04-27T17:01:13.095Z"
  },
  {
    "conversationId": "220427164325275_MIT_11499",
    "formName": "cargar_saldo_form",
    "latestInputChannel": "rest",
    "results": {
      "user_dni": "1033",
      "amount_of_money": "1033",
      "currency": "mexicanos"
    },
    "environment": "development",
    "projectId": "wuyws7zpcLjmiPtXn",
    "date": "2022-04-27T16:44:43.641Z"
  },
  {
    "conversationId": "220427163817898_MIT_11499",
    "formName": "cargar_saldo_form",
    "latestInputChannel": "rest",
    "results": {
      "user_dni": "7111969",
      "amount_of_money": "1033",
      "currency": "USD"
    },
    "environment": "development",
    "projectId": "wuyws7zpcLjmiPtXn",
    "date": "2022-04-27T16:40:07.631Z"
  },
  {
    "conversationId": "220427160850172_MIT_11499",
    "formName": "cargar_saldo_form",
    "latestInputChannel": "rest",
    "results": {
      "user_dni": "es",
      "amount_of_money": "100",
      "currency": "USD"
    },
    "environment": "development",
    "projectId": "wuyws7zpcLjmiPtXn",
    "date": "2022-04-27T16:10:19.781Z"
  },
  {
    "conversationId": "220427153144399_MIT_11499",
    "formName": "cargar_saldo_form",
    "latestInputChannel": "rest",
    "results": {
      "user_dni": "29984695",
      "amount_of_money": "25",
      "currency": "BRL"
    },
    "environment": "development",
    "projectId": "wuyws7zpcLjmiPtXn",
    "date": "2022-04-27T15:32:58.724Z"
  },
  {
    "conversationId": "220427150939588_MIT_11497",
    "formName": "cargar_saldo_form",
    "latestInputChannel": "rest",
    "results": {
      "user_dni": "29984695",
      "amount_of_money": "25",
      "currency": "COP"
    },
    "environment": "development",
    "projectId": "wuyws7zpcLjmiPtXn",
    "date": "2022-04-27T15:10:50.335Z"
  },
  {
    "conversationId": "220427150136006_MIT_11499",
    "formName": "cargar_saldo_form",
    "latestInputChannel": "rest",
    "results": {
      "user_dni": "92248655",
      "amount_of_money": "3000",
      "currency": "USD"
    },
    "environment": "development",
    "projectId": "wuyws7zpcLjmiPtXn",
    "date": "2022-04-27T15:03:24.406Z"
  },
  {
    "conversationId": "220427110648784_MIT_11499",
    "formName": "cargar_saldo_form",
    "latestInputChannel": "rest",
    "results": {
      "user_dni": "92248655",
      "amount_of_money": "3000",
      "currency": "ARS"
    },
    "environment": "development",
    "projectId": "wuyws7zpcLjmiPtXn",
    "date": "2022-04-27T11:08:23.066Z"
  },
  {
    "conversationId": "220427110439028_MIT_11499",
    "formName": "cargar_saldo_form",
    "latestInputChannel": "rest",
    "results": {
      "user_dni": "36090416",
      "amount_of_money": "5000",
      "currency": "ARS"
    },
    "environment": "development",
    "projectId": "wuyws7zpcLjmiPtXn",
    "date": "2022-04-27T11:06:03.380Z"
  },
  {
    "conversationId": "w4g2sdfsddf4ed",
    "formName": "cargar_saldo_form",
    "latestInputChannel": "rest",
    "results": {
      "user_dni": "29984695",
      "amount_of_money": "2000",
      "currency": "BRL"
    },
    "environment": "development",
    "projectId": "wuyws7zpcLjmiPtXn",
    "date": "2022-04-27T07:56:12.259Z"
  }
]